Priority,Company name,Companies House number,Category,Postcode,Registered address,Incorporated,Accounts type,SIC codes,Nearest FC Urban venue,Walk (min),Venue match,In existing FC Urban sheet?,Contact first name,Contact full name,Contact job title,LinkedIn URL,Connection note (<=300),Note length,Follow-up DM,LinkedIn status,Connected at,Replied,Notes
1,Caledonia,,Financial institution,EC1M 4JN,82 SAINT JOHN STREET,03/03/2003,GROUP,64209 - Activities of other holding companies n.e.c.,Old St - Moreland Primary School,12,exact postcode,,,,,,"Hi {First} - I'm Joep from FC Urban. We run social football at Old St - Moreland Primary School, a 12-min walk from Caledonia. Looking for someone inside the team up for starting an after-work game - we handle pitch, payments and organising. Open to a quick chat?",263,"Thanks for connecting, {First}.

Quick one - we run social football games at Old St - Moreland Primary School, about 12 minutes' walk from your office. A few City firms use them as an easy after-work thing for colleagues: we sort the pitch, the payments and the organising, and can top the group up with our own players if numbers are short.

Is there someone at Caledonia who looks after wellbeing or staff socials I should be speaking to? Happy to be pointed elsewhere.

Joep
FC Urban",,,,
2,Green And Fortune Holdings,,Financial institution,EC1M 4JN,"C/O BEAVIS MORGAN, LONDON",25/03/2015,GROUP,64209 - Activities of other holding companies n.e.c.,Old St - Moreland Primary School,12,exact postcode,,,,,,"Hi {First} - I'm Joep from FC Urban. We run social football at Old St - Moreland Primary School, a 12-min walk from Green And Fortune Holdings. Looking for someone inside the team up for starting an after-work game - we handle pitch, payments and organising. Open to a quick chat?",280,"Thanks for connecting, {First}.

Quick one - we run social football games at Old St - Moreland Primary School, about 12 minutes' walk from your office. A few City firms use them as an easy after-work thing for colleagues: we sort the pitch, the payments and the organising, and can top the group up with our own players if numbers are short.

Is there someone at Green And Fortune Holdings who looks after wellbeing or staff socials I should be speaking to? Happy to be pointed elsewhere.

Joep
FC Urban",,,,
3,Zorca Holding London,,Financial institution,EC1M 5RJ,"MARRABLE'S HOTEL, LONDON",11/09/2020,GROUP,64209 - Activities of other holding companies n.e.c. | 70100 - Activities of head offices,Old St - Moreland Primary School,12,exact postcode,,,,,,"Hi {First} - I'm Joep from FC Urban. We run social football at Old St - Moreland Primary School, a 12-min walk from Zorca Holding London. Looking for someone inside the team up for starting an after-work game - we handle pitch, payments and organising. Open to a quick chat?",274,"Thanks for connecting, {First}.

Quick one - we run social football games at Old St - Moreland Primary School, about 12 minutes' walk from your office. A few City firms use them as an easy after-work thing for colleagues: we sort the pitch, the payments and the organising, and can top the group up with our own players if numbers are short.

Is there someone at Zorca Holding London who looks after wellbeing or staff socials I should be speaking to? Happy to be pointed elsewhere.

Joep
FC Urban",,,,
4,Wiredscore Emea,,Financial institution,EC1Y 8AF,"4 OLD STREET YARD, LONDON",01/08/2016,GROUP,64209 - Activities of other holding companies n.e.c.,Old St - Moreland Primary School,13,exact postcode,,,,,,"Hi {First} - I'm Joep from FC Urban. We run social football at Old St - Moreland Primary School, a 13-min walk from Wiredscore Emea. Looking for someone inside the team up for starting an after-work game - we handle pitch, payments and organising. Open to a quick chat?",269,"Thanks for connecting, {First}.

Quick one - we run social football games at Old St - Moreland Primary School, about 13 minutes' walk from your office. A few City firms use them as an easy after-work thing for colleagues: we sort the pitch, the payments and the organising, and can top the group up with our own players if numbers are short.

Is there someone at Wiredscore Emea who looks after wellbeing or staff socials I should be speaking to? Happy to be pointed elsewhere.

Joep
FC Urban",,,,
5,Imagine Mortgages,,Financial institution,EC1Y 8AF,"WHITE COLLAR FACTORY 1 OLD STREET YARD, LONDON",16/07/2018,GROUP,64922 - Activities of mortgage finance companies,Old St - Moreland Primary School,13,exact postcode,,,,,,"Hi {First} - I'm Joep from FC Urban. We run social football at Old St - Moreland Primary School, a 13-min walk from Imagine Mortgages. Looking for someone inside the team up for starting an after-work game - we handle pitch, payments and organising. Open to a quick chat?",271,"Thanks for connecting, {First}.

Quick one - we run social football games at Old St - Moreland Primary School, about 13 minutes' walk from your office. A few City firms use them as an easy after-work thing for colleagues: we sort the pitch, the payments and the organising, and can top the group up with our own players if numbers are short.

Is there someone at Imagine Mortgages who looks after wellbeing or staff socials I should be speaking to? Happy to be pointed elsewhere.

Joep
FC Urban",,,,
6,The Cuvva Group,,Financial institution,EC1R 0NA,"4TH FLOOR OLD SESSIONS HOUSE, LONDON",06/07/2021,GROUP,64209 - Activities of other holding companies n.e.c.,Old St - Moreland Primary School,13,exact postcode,,,,,,"Hi {First} - I'm Joep from FC Urban. We run social football at Old St - Moreland Primary School, a 13-min walk from The Cuvva Group. Looking for someone inside the team up for starting an after-work game - we handle pitch, payments and organising. Open to a quick chat?",269,"Thanks for connecting, {First}.

Quick one - we run social football games at Old St - Moreland Primary School, about 13 minutes' walk from your office. A few City firms use them as an easy after-work thing for colleagues: we sort the pitch, the payments and the organising, and can top the group up with our own players if numbers are short.

Is there someone at The Cuvva Group who looks after wellbeing or staff socials I should be speaking to? Happy to be pointed elsewhere.

Joep
FC Urban",,,,
7,The Mailing Room Holdings,,Financial institution,EC1R 3BX,"C/O BEVAN KIDWELL, LONDON",18/03/1998,GROUP,64209 - Activities of other holding companies n.e.c.,Old St - Moreland Primary School,14,exact postcode,,,,,,"Hi {First} - I'm Joep from FC Urban. We run social football at Old St - Moreland Primary School, a 14-min walk from The Mailing Room Holdings. Looking for someone inside the team up for starting an after-work game - we handle pitch, payments and organising. Open to a quick chat?",279,"Thanks for connecting, {First}.

Quick one - we run social football games at Old St - Moreland Primary School, about 14 minutes' walk from your office. A few City firms use them as an easy after-work thing for colleagues: we sort the pitch, the payments and the organising, and can top the group up with our own players if numbers are short.

Is there someone at The Mailing Room Holdings who looks after wellbeing or staff socials I should be speaking to? Happy to be pointed elsewhere.

Joep
FC Urban",,,,
8,Modulr Holdings,,Financial institution,EC1Y 2AL,"THE FEATHERSTONE BUILDING, LONDON",01/12/2015,GROUP,64209 - Activities of other holding companies n.e.c.,Old St - Moreland Primary School,14,exact postcode,,,,,,"Hi {First} - I'm Joep from FC Urban. We run social football at Old St - Moreland Primary School, a 14-min walk from Modulr Holdings. Looking for someone inside the team up for starting an after-work game - we handle pitch, payments and organising. Open to a quick chat?",269,"Thanks for connecting, {First}.

Quick one - we run social football games at Old St - Moreland Primary School, about 14 minutes' walk from your office. A few City firms use them as an easy after-work thing for colleagues: we sort the pitch, the payments and the organising, and can top the group up with our own players if numbers are short.

Is there someone at Modulr Holdings who looks after wellbeing or staff socials I should be speaking to? Happy to be pointed elsewhere.

Joep
FC Urban",,,,
9,The Mailing Room,,Financial institution,EC1R 3BX,"C/O BEVAN KIDWELL, LONDON",09/02/1999,FULL,64910 - Financial leasing,Old St - Moreland Primary School,14,exact postcode,,,,,,"Hi {First} - I'm Joep from FC Urban. We run social football at Old St - Moreland Primary School, a 14-min walk from The Mailing Room. Looking for someone inside the team up for starting an after-work game - we handle pitch, payments and organising. Open to a quick chat?",270,"Thanks for connecting, {First}.

Quick one - we run social football games at Old St - Moreland Primary School, about 14 minutes' walk from your office. A few City firms use them as an easy after-work thing for colleagues: we sort the pitch, the payments and the organising, and can top the group up with our own players if numbers are short.

Is there someone at The Mailing Room who looks after wellbeing or staff socials I should be speaking to? Happy to be pointed elsewhere.

Joep
FC Urban",,,,
10,Xbridge,,Financial institution,EC1Y 8LZ,"4TH FLOOR HYLO 105, LONDON",04/04/2000,FULL,66220 - Activities of insurance agents and brokers,Old St - Moreland Primary School,14,exact postcode,,,,,,"Hi {First} - I'm Joep from FC Urban. We run social football at Old St - Moreland Primary School, a 14-min walk from Xbridge. Looking for someone inside the team up for starting an after-work game - we handle pitch, payments and organising. Open to a quick chat?",261,"Thanks for connecting, {First}.

Quick one - we run social football games at Old St - Moreland Primary School, about 14 minutes' walk from your office. A few City firms use them as an easy after-work thing for colleagues: we sort the pitch, the payments and the organising, and can top the group up with our own players if numbers are short.

Is there someone at Xbridge who looks after wellbeing or staff socials I should be speaking to? Happy to be pointed elsewhere.

Joep
FC Urban",,,,
11,Modulr Fs,,Financial institution,EC1Y 2AL,"THE FEATHERSTONE BUILDING, LONDON",02/12/2015,FULL,66190 - Activities auxiliary to financial intermediation n.e.c.,Old St - Moreland Primary School,14,exact postcode,,,,,,"Hi {First} - I'm Joep from FC Urban. We run social football at Old St - Moreland Primary School, a 14-min walk from Modulr Fs. Looking for someone inside the team up for starting an after-work game - we handle pitch, payments and organising. Open to a quick chat?",263,"Thanks for connecting, {First}.

Quick one - we run social football games at Old St - Moreland Primary School, about 14 minutes' walk from your office. A few City firms use them as an easy after-work thing for colleagues: we sort the pitch, the payments and the organising, and can top the group up with our own players if numbers are short.

Is there someone at Modulr Fs who looks after wellbeing or staff socials I should be speaking to? Happy to be pointed elsewhere.

Joep
FC Urban",,,,
12,Westbourne 2016 - 3,,Financial institution,EC1Y 8LZ,"FLOORS 6-8 HYLO BUILDING, LONDON",26/08/2016,FULL,64999 - Financial intermediation not elsewhere classified,Old St - Moreland Primary School,14,exact postcode,,,,,,"Hi {First} - I'm Joep from FC Urban. We run social football at Old St - Moreland Primary School, a 14-min walk from Westbourne 2016 - 3. Looking for someone inside the team up for starting an after-work game - we handle pitch, payments and organising. Open to a quick chat?",273,"Thanks for connecting, {First}.

Quick one - we run social football games at Old St - Moreland Primary School, about 14 minutes' walk from your office. A few City firms use them as an easy after-work thing for colleagues: we sort the pitch, the payments and the organising, and can top the group up with our own players if numbers are short.

Is there someone at Westbourne 2016 - 3 who looks after wellbeing or staff socials I should be speaking to? Happy to be pointed elsewhere.

Joep
FC Urban",,,,
13,Selina Finance,,Financial institution,EC1Y 8LZ,"HYLO, LONDON",02/08/2018,FULL,62012 - Business and domestic software development | 64921 - Credit granting by non-deposit taking finance houses and other specialist consumer credit grantors,Old St - Moreland Primary School,14,exact postcode,,,,,,"Hi {First} - I'm Joep from FC Urban. We run social football at Old St - Moreland Primary School, a 14-min walk from Selina Finance. Looking for someone inside the team up for starting an after-work game - we handle pitch, payments and organising. Open to a quick chat?",268,"Thanks for connecting, {First}.

Quick one - we run social football games at Old St - Moreland Primary School, about 14 minutes' walk from your office. A few City firms use them as an easy after-work thing for colleagues: we sort the pitch, the payments and the organising, and can top the group up with our own players if numbers are short.

Is there someone at Selina Finance who looks after wellbeing or staff socials I should be speaking to? Happy to be pointed elsewhere.

Joep
FC Urban",,,,
14,Dept Personalised Content Group,,Financial institution,EC1Y 2AL,"FLOOR 9 & 10, FEATHERSTONE BUILDING, LONDON",10/04/2019,FULL,64209 - Activities of other holding companies n.e.c.,Old St - Moreland Primary School,14,exact postcode,,,,,,"Hi {First} - I'm Joep from FC Urban. We run social football at Old St - Moreland Primary School, a 14-min walk from Dept Personalised Content Group. Looking for someone inside the team up for starting an after-work game - we handle pitch, payments and organising. Open to a quick chat?",285,"Thanks for connecting, {First}.

Quick one - we run social football games at Old St - Moreland Primary School, about 14 minutes' walk from your office. A few City firms use them as an easy after-work thing for colleagues: we sort the pitch, the payments and the organising, and can top the group up with our own players if numbers are short.

Is there someone at Dept Personalised Content Group who looks after wellbeing or staff socials I should be speaking to? Happy to be pointed elsewhere.

Joep
FC Urban",,,,
15,Nwc Usa Group,,Financial institution,EC1Y 8LZ,"FLOORS 6-8 HYLO BUILDING, LONDON",28/04/2021,FULL,64999 - Financial intermediation not elsewhere classified,Old St - Moreland Primary School,14,exact postcode,,,,,,"Hi {First} - I'm Joep from FC Urban. We run social football at Old St - Moreland Primary School, a 14-min walk from Nwc Usa Group. Looking for someone inside the team up for starting an after-work game - we handle pitch, payments and organising. Open to a quick chat?",267,"Thanks for connecting, {First}.

Quick one - we run social football games at Old St - Moreland Primary School, about 14 minutes' walk from your office. A few City firms use them as an easy after-work thing for colleagues: we sort the pitch, the payments and the organising, and can top the group up with our own players if numbers are short.

Is there someone at Nwc Usa Group who looks after wellbeing or staff socials I should be speaking to? Happy to be pointed elsewhere.

Joep
FC Urban",,,,
16,Hokodo,,Financial institution,EC2A 3JF,"RIVINGTON HOUSE, LONDON",20/02/2018,GROUP,62012 - Business and domestic software development | 64999 - Financial intermediation not elsewhere classified | 66220 - Activities of insurance agents and brokers,Whitechapel,15,exact postcode,,,,,,"Hi {First} - I'm Joep from FC Urban. We run social football at Whitechapel, a 15-min walk from Hokodo. Looking for someone inside the team up for starting an after-work game - we handle pitch, payments and organising. Open to a quick chat?",239,"Thanks for connecting, {First}.

Quick one - we run social football games at Whitechapel, about 15 minutes' walk from your office. A few City firms use them as an easy after-work thing for colleagues: we sort the pitch, the payments and the organising, and can top the group up with our own players if numbers are short.

Is there someone at Hokodo who looks after wellbeing or staff socials I should be speaking to? Happy to be pointed elsewhere.

Joep
FC Urban",,,,
17,St. John Group,,Financial institution,EC1M 4AY,"26 ST. JOHN STREET, LONDON",14/04/2022,GROUP,64209 - Activities of other holding companies n.e.c.,Old St - Moreland Primary School,15,exact postcode,,,,,,"Hi {First} - I'm Joep from FC Urban. We run social football at Old St - Moreland Primary School, a 15-min walk from St. John Group. Looking for someone inside the team up for starting an after-work game - we handle pitch, payments and organising. Open to a quick chat?",268,"Thanks for connecting, {First}.

Quick one - we run social football games at Old St - Moreland Primary School, about 15 minutes' walk from your office. A few City firms use them as an easy after-work thing for colleagues: we sort the pitch, the payments and the organising, and can top the group up with our own players if numbers are short.

Is there someone at St. John Group who looks after wellbeing or staff socials I should be speaking to? Happy to be pointed elsewhere.

Joep
FC Urban",,,,
18,Lightyear Financial,,Financial institution,EC1V 9DD,"256-260 OLD STREET, LONDON",03/10/2020,GROUP,64999 - Financial intermediation not elsewhere classified,Old St - Moreland Primary School,16,exact postcode,,,,,,"Hi {First} - I'm Joep from FC Urban. We run social football at Old St - Moreland Primary School, a 16-min walk from Lightyear Financial. Looking for someone inside the team up for starting an after-work game - we handle pitch, payments and organising. Open to a quick chat?",273,"Thanks for connecting, {First}.

Quick one - we run social football games at Old St - Moreland Primary School, about 16 minutes' walk from your office. A few City firms use them as an easy after-work thing for colleagues: we sort the pitch, the payments and the organising, and can top the group up with our own players if numbers are short.

Is there someone at Lightyear Financial who looks after wellbeing or staff socials I should be speaking to? Happy to be pointed elsewhere.

Joep
FC Urban",,,,
19,Many Group,,Financial institution,EC1R 5BD,"UNIT 1B 1-10, LONDON",12/08/2020,GROUP,64209 - Activities of other holding companies n.e.c.,Old St - Moreland Primary School,16,exact postcode,,,,,,"Hi {First} - I'm Joep from FC Urban. We run social football at Old St - Moreland Primary School, a 16-min walk from Many Group. Looking for someone inside the team up for starting an after-work game - we handle pitch, payments and organising. Open to a quick chat?",264,"Thanks for connecting, {First}.

Quick one - we run social football games at Old St - Moreland Primary School, about 16 minutes' walk from your office. A few City firms use them as an easy after-work thing for colleagues: we sort the pitch, the payments and the organising, and can top the group up with our own players if numbers are short.

Is there someone at Many Group who looks after wellbeing or staff socials I should be speaking to? Happy to be pointed elsewhere.

Joep
FC Urban",,,,
20,Eta Money,,Financial institution,EC1Y 1AA,"CITY ROAD SPACES, CITY ROAD, LONDON",13/11/2017,FULL,64999 - Financial intermediation not elsewhere classified,Old St - Moreland Primary School,16,exact postcode,,,,,,"Hi {First} - I'm Joep from FC Urban. We run social football at Old St - Moreland Primary School, a 16-min walk from Eta Money. Looking for someone inside the team up for starting an after-work game - we handle pitch, payments and organising. Open to a quick chat?",263,"Thanks for connecting, {First}.

Quick one - we run social football games at Old St - Moreland Primary School, about 16 minutes' walk from your office. A few City firms use them as an easy after-work thing for colleagues: we sort the pitch, the payments and the organising, and can top the group up with our own players if numbers are short.

Is there someone at Eta Money who looks after wellbeing or staff socials I should be speaking to? Happy to be pointed elsewhere.

Joep
FC Urban",,,,
21,Aureos Energy,,Financial institution,EC1A 9HP,"2ND FLOOR, 1 LINDSEY STREET, LONDON",05/10/2020,FULL,64209 - Activities of other holding companies n.e.c.,Old St - Moreland Primary School,16,exact postcode,,,,,,"Hi {First} - I'm Joep from FC Urban. We run social football at Old St - Moreland Primary School, a 16-min walk from Aureos Energy. Looking for someone inside the team up for starting an after-work game - we handle pitch, payments and organising. Open to a quick chat?",267,"Thanks for connecting, {First}.

Quick one - we run social football games at Old St - Moreland Primary School, about 16 minutes' walk from your office. A few City firms use them as an easy after-work thing for colleagues: we sort the pitch, the payments and the organising, and can top the group up with our own players if numbers are short.

Is there someone at Aureos Energy who looks after wellbeing or staff socials I should be speaking to? Happy to be pointed elsewhere.

Joep
FC Urban",,,,
22,Farfetch Osprey,,Financial institution,EC1V 9NR,"THE BOWER,, LONDON",07/10/2022,FULL,64209 - Activities of other holding companies n.e.c.,Shoreditch Rooftop,16,exact postcode,,,,,,"Hi {First} - I'm Joep from FC Urban. We run social football at Shoreditch Rooftop, a 16-min walk from Farfetch Osprey. Looking for someone inside the team up for starting an after-work game - we handle pitch, payments and organising. Open to a quick chat?",255,"Thanks for connecting, {First}.

Quick one - we run social football games at Shoreditch Rooftop, about 16 minutes' walk from your office. A few City firms use them as an easy after-work thing for colleagues: we sort the pitch, the payments and the organising, and can top the group up with our own players if numbers are short.

Is there someone at Farfetch Osprey who looks after wellbeing or staff socials I should be speaking to? Happy to be pointed elsewhere.

Joep
FC Urban",,,,
23,Lightyear U.K.,,Financial institution,EC1V 9DD,"256-260 OLD STREET, LONDON",21/09/2022,FULL,64999 - Financial intermediation not elsewhere classified,Old St - Moreland Primary School,16,exact postcode,,,,,,"Hi {First} - I'm Joep from FC Urban. We run social football at Old St - Moreland Primary School, a 16-min walk from Lightyear U.K.. Looking for someone inside the team up for starting an after-work game - we handle pitch, payments and organising. Open to a quick chat?",268,"Thanks for connecting, {First}.

Quick one - we run social football games at Old St - Moreland Primary School, about 16 minutes' walk from your office. A few City firms use them as an easy after-work thing for colleagues: we sort the pitch, the payments and the organising, and can top the group up with our own players if numbers are short.

Is there someone at Lightyear U.K. who looks after wellbeing or staff socials I should be speaking to? Happy to be pointed elsewhere.

Joep
FC Urban",,,,
24,Group Miki Holdings,,Financial institution,EC4V 3BJ,"VINTNERS PLACE, LONDON",13/09/1972,GROUP,64209 - Activities of other holding companies n.e.c.,Borough Academy,17,exact postcode,,,,,,"Hi {First} - I'm Joep from FC Urban. We run social football at Borough Academy, a 17-min walk from Group Miki Holdings. Looking for someone inside the team up for starting an after-work game - we handle pitch, payments and organising. Open to a quick chat?",256,"Thanks for connecting, {First}.

Quick one - we run social football games at Borough Academy, about 17 minutes' walk from your office. A few City firms use them as an easy after-work thing for colleagues: we sort the pitch, the payments and the organising, and can top the group up with our own players if numbers are short.

Is there someone at Group Miki Holdings who looks after wellbeing or staff socials I should be speaking to? Happy to be pointed elsewhere.

Joep
FC Urban",,,,
25,Od Projects (Holdings),,Financial institution,EC1Y 4TY,"8TH FLOOR,, LONDON",07/08/2012,GROUP,64203 - Activities of construction holding companies,Old St - Moreland Primary School,17,exact postcode,,,,,,"Hi {First} - I'm Joep from FC Urban. We run social football at Old St - Moreland Primary School, a 17-min walk from Od Projects (Holdings). Looking for someone inside the team up for starting an after-work game - we handle pitch, payments and organising. Open to a quick chat?",276,"Thanks for connecting, {First}.

Quick one - we run social football games at Old St - Moreland Primary School, about 17 minutes' walk from your office. A few City firms use them as an easy after-work thing for colleagues: we sort the pitch, the payments and the organising, and can top the group up with our own players if numbers are short.

Is there someone at Od Projects (Holdings) who looks after wellbeing or staff socials I should be speaking to? Happy to be pointed elsewhere.

Joep
FC Urban",,,,
26,Equals Group,,Financial institution,EC4V 3BJ,"THIRD FLOOR THAMES HOUSE VINTNERS PLACE, LONDON",04/03/2014,GROUP,64999 - Financial intermediation not elsewhere classified,Borough Academy,17,exact postcode,,,,,,"Hi {First} - I'm Joep from FC Urban. We run social football at Borough Academy, a 17-min walk from Equals Group. Looking for someone inside the team up for starting an after-work game - we handle pitch, payments and organising. Open to a quick chat?",249,"Thanks for connecting, {First}.

Quick one - we run social football games at Borough Academy, about 17 minutes' walk from your office. A few City firms use them as an easy after-work thing for colleagues: we sort the pitch, the payments and the organising, and can top the group up with our own players if numbers are short.

Is there someone at Equals Group who looks after wellbeing or staff socials I should be speaking to? Happy to be pointed elsewhere.

Joep
FC Urban",,,,
27,Lendable Operations,,Financial institution,EC2A 4NW,"TELEPHONE HOUSE, LONDON",25/04/2014,GROUP,66190 - Activities auxiliary to financial intermediation n.e.c.,Old St - Moreland Primary School,17,exact postcode,,,,,,"Hi {First} - I'm Joep from FC Urban. We run social football at Old St - Moreland Primary School, a 17-min walk from Lendable Operations. Looking for someone inside the team up for starting an after-work game - we handle pitch, payments and organising. Open to a quick chat?",273,"Thanks for connecting, {First}.

Quick one - we run social football games at Old St - Moreland Primary School, about 17 minutes' walk from your office. A few City firms use them as an easy after-work thing for colleagues: we sort the pitch, the payments and the organising, and can top the group up with our own players if numbers are short.

Is there someone at Lendable Operations who looks after wellbeing or staff socials I should be speaking to? Happy to be pointed elsewhere.

Joep
FC Urban",,,,
28,Methods Holdings,,Financial institution,EC1N 8TS,"SAFFRON HOUSE, LONDON",26/04/2017,GROUP,64209 - Activities of other holding companies n.e.c.,Old St - Moreland Primary School,17,exact postcode,,,,,,"Hi {First} - I'm Joep from FC Urban. We run social football at Old St - Moreland Primary School, a 17-min walk from Methods Holdings. Looking for someone inside the team up for starting an after-work game - we handle pitch, payments and organising. Open to a quick chat?",270,"Thanks for connecting, {First}.

Quick one - we run social football games at Old St - Moreland Primary School, about 17 minutes' walk from your office. A few City firms use them as an easy after-work thing for colleagues: we sort the pitch, the payments and the organising, and can top the group up with our own players if numbers are short.

Is there someone at Methods Holdings who looks after wellbeing or staff socials I should be speaking to? Happy to be pointed elsewhere.

Joep
FC Urban",,,,
29,Engage Holdings,,Financial institution,EC2A 4NW,"6TH FLOOR SOUTH, TELEPHONE HOUSE, LONDON",04/03/2020,GROUP,64209 - Activities of other holding companies n.e.c.,Old St - Moreland Primary School,17,exact postcode,,,,,,"Hi {First} - I'm Joep from FC Urban. We run social football at Old St - Moreland Primary School, a 17-min walk from Engage Holdings. Looking for someone inside the team up for starting an after-work game - we handle pitch, payments and organising. Open to a quick chat?",269,"Thanks for connecting, {First}.

Quick one - we run social football games at Old St - Moreland Primary School, about 17 minutes' walk from your office. A few City firms use them as an easy after-work thing for colleagues: we sort the pitch, the payments and the organising, and can top the group up with our own players if numbers are short.

Is there someone at Engage Holdings who looks after wellbeing or staff socials I should be speaking to? Happy to be pointed elsewhere.

Joep
FC Urban",,,,
30,Kepler Interactive,,Financial institution,EC2A 4DQ,"2 LEONARD CIRCUS, LONDON",02/04/2020,GROUP,64209 - Activities of other holding companies n.e.c.,Shoreditch Rooftop,17,exact postcode,,,,,,"Hi {First} - I'm Joep from FC Urban. We run social football at Shoreditch Rooftop, a 17-min walk from Kepler Interactive. Looking for someone inside the team up for starting an after-work game - we handle pitch, payments and organising. Open to a quick chat?",258,"Thanks for connecting, {First}.

Quick one - we run social football games at Shoreditch Rooftop, about 17 minutes' walk from your office. A few City firms use them as an easy after-work thing for colleagues: we sort the pitch, the payments and the organising, and can top the group up with our own players if numbers are short.

Is there someone at Kepler Interactive who looks after wellbeing or staff socials I should be speaking to? Happy to be pointed elsewhere.

Joep
FC Urban",,,,
31,Dinosaur Merchant Bank,,Financial institution,EC4V 3BJ,"5TH FLOOR EAST WING VINTNERS PLACE, LONDON",26/11/2003,MEDIUM,64999 - Financial intermediation not elsewhere classified,Borough Academy,17,exact postcode,,,,,,"Hi {First} - I'm Joep from FC Urban. We run social football at Borough Academy, a 17-min walk from Dinosaur Merchant Bank. Looking for someone inside the team up for starting an after-work game - we handle pitch, payments and organising. Open to a quick chat?",259,"Thanks for connecting, {First}.

Quick one - we run social football games at Borough Academy, about 17 minutes' walk from your office. A few City firms use them as an easy after-work thing for colleagues: we sort the pitch, the payments and the organising, and can top the group up with our own players if numbers are short.

Is there someone at Dinosaur Merchant Bank who looks after wellbeing or staff socials I should be speaking to? Happy to be pointed elsewhere.

Joep
FC Urban",,,,
32,Metlife Investments,,Financial institution,EC4R 3AB,"ONE ANGEL LANE, LONDON",10/01/1992,FULL,64999 - Financial intermediation not elsewhere classified,Borough Academy,17,exact postcode,,,,,,"Hi {First} - I'm Joep from FC Urban. We run social football at Borough Academy, a 17-min walk from Metlife Investments. Looking for someone inside the team up for starting an after-work game - we handle pitch, payments and organising. Open to a quick chat?",256,"Thanks for connecting, {First}.

Quick one - we run social football games at Borough Academy, about 17 minutes' walk from your office. A few City firms use them as an easy after-work thing for colleagues: we sort the pitch, the payments and the organising, and can top the group up with our own players if numbers are short.

Is there someone at Metlife Investments who looks after wellbeing or staff socials I should be speaking to? Happy to be pointed elsewhere.

Joep
FC Urban",,,,
33,Sumitomo Corporation Europe Holding,,Financial institution,EC4V 3BJ,VINTNERS  PLACE,25/11/1996,FULL,64209 - Activities of other holding companies n.e.c.,Borough Academy,17,exact postcode,,,,,,"Hi {First} - I'm Joep from FC Urban. We run social football at Borough Academy, a 17-min walk from Sumitomo Corporation Europe Holding. Looking for someone inside the team up for starting an after-work game - we handle pitch, payments and organising. Open to a quick chat?",272,"Thanks for connecting, {First}.

Quick one - we run social football games at Borough Academy, about 17 minutes' walk from your office. A few City firms use them as an easy after-work thing for colleagues: we sort the pitch, the payments and the organising, and can top the group up with our own players if numbers are short.

Is there someone at Sumitomo Corporation Europe Holding who looks after wellbeing or staff socials I should be speaking to? Happy to be pointed elsewhere.

Joep
FC Urban",,,,
34,Dataquest (Technology),,Financial institution,EC1Y 4TY,"24 CHISWELL STREET, LONDON",02/03/2004,FULL,64202 - Activities of production holding companies,Old St - Moreland Primary School,17,exact postcode,,,,,,"Hi {First} - I'm Joep from FC Urban. We run social football at Old St - Moreland Primary School, a 17-min walk from Dataquest (Technology). Looking for someone inside the team up for starting an after-work game - we handle pitch, payments and organising. Open to a quick chat?",276,"Thanks for connecting, {First}.

Quick one - we run social football games at Old St - Moreland Primary School, about 17 minutes' walk from your office. A few City firms use them as an easy after-work thing for colleagues: we sort the pitch, the payments and the organising, and can top the group up with our own players if numbers are short.

Is there someone at Dataquest (Technology) who looks after wellbeing or staff socials I should be speaking to? Happy to be pointed elsewhere.

Joep
FC Urban",,,,
35,Equals Money,,Financial institution,EC4V 3BJ,"3RD FLOOR, VINTNERS PLACE, LONDON",18/08/2005,FULL,64999 - Financial intermediation not elsewhere classified,Borough Academy,17,exact postcode,,,,,,"Hi {First} - I'm Joep from FC Urban. We run social football at Borough Academy, a 17-min walk from Equals Money. Looking for someone inside the team up for starting an after-work game - we handle pitch, payments and organising. Open to a quick chat?",249,"Thanks for connecting, {First}.

Quick one - we run social football games at Borough Academy, about 17 minutes' walk from your office. A few City firms use them as an easy after-work thing for colleagues: we sort the pitch, the payments and the organising, and can top the group up with our own players if numbers are short.

Is there someone at Equals Money who looks after wellbeing or staff socials I should be speaking to? Happy to be pointed elsewhere.

Joep
FC Urban",,,,
36,Equals Money Uk,,Financial institution,EC4V 3BJ,"3RD FLOOR VINTNERS PLACE, LONDON",04/06/2007,FULL,64999 - Financial intermediation not elsewhere classified,Borough Academy,17,exact postcode,,,,,,"Hi {First} - I'm Joep from FC Urban. We run social football at Borough Academy, a 17-min walk from Equals Money Uk. Looking for someone inside the team up for starting an after-work game - we handle pitch, payments and organising. Open to a quick chat?",252,"Thanks for connecting, {First}.

Quick one - we run social football games at Borough Academy, about 17 minutes' walk from your office. A few City firms use them as an easy after-work thing for colleagues: we sort the pitch, the payments and the organising, and can top the group up with our own players if numbers are short.

Is there someone at Equals Money Uk who looks after wellbeing or staff socials I should be speaking to? Happy to be pointed elsewhere.

Joep
FC Urban",,,,
37,Equals Connect,,Financial institution,EC4V 3BJ,"3RD FLOOR 68 UPPER THAMES STREET, LONDON",20/01/2010,FULL,64999 - Financial intermediation not elsewhere classified,Borough Academy,17,exact postcode,,,,,,"Hi {First} - I'm Joep from FC Urban. We run social football at Borough Academy, a 17-min walk from Equals Connect. Looking for someone inside the team up for starting an after-work game - we handle pitch, payments and organising. Open to a quick chat?",251,"Thanks for connecting, {First}.

Quick one - we run social football games at Borough Academy, about 17 minutes' walk from your office. A few City firms use them as an easy after-work thing for colleagues: we sort the pitch, the payments and the organising, and can top the group up with our own players if numbers are short.

Is there someone at Equals Connect who looks after wellbeing or staff socials I should be speaking to? Happy to be pointed elsewhere.

Joep
FC Urban",,,,
38,Scmi,,Financial institution,EC4V 3BJ,"VINTNERS' PLACE 68, LONDON",19/10/2012,FULL,66120 - Security and commodity contracts dealing activities,Borough Academy,17,exact postcode,,,,,,"Hi {First} - I'm Joep from FC Urban. We run social football at Borough Academy, a 17-min walk from Scmi. Looking for someone inside the team up for starting an after-work game - we handle pitch, payments and organising. Open to a quick chat?",241,"Thanks for connecting, {First}.

Quick one - we run social football games at Borough Academy, about 17 minutes' walk from your office. A few City firms use them as an easy after-work thing for colleagues: we sort the pitch, the payments and the organising, and can top the group up with our own players if numbers are short.

Is there someone at Scmi who looks after wellbeing or staff socials I should be speaking to? Happy to be pointed elsewhere.

Joep
FC Urban",,,,
39,Lendable,,Financial institution,EC2A 4NW,"TELEPHONE HOUSE, LONDON",31/12/2013,FULL,64921 - Credit granting by non-deposit taking finance houses and other specialist consumer credit grantors,Old St - Moreland Primary School,17,exact postcode,,,,,,"Hi {First} - I'm Joep from FC Urban. We run social football at Old St - Moreland Primary School, a 17-min walk from Lendable. Looking for someone inside the team up for starting an after-work game - we handle pitch, payments and organising. Open to a quick chat?",262,"Thanks for connecting, {First}.

Quick one - we run social football games at Old St - Moreland Primary School, about 17 minutes' walk from your office. A few City firms use them as an easy after-work thing for colleagues: we sort the pitch, the payments and the organising, and can top the group up with our own players if numbers are short.

Is there someone at Lendable who looks after wellbeing or staff socials I should be speaking to? Happy to be pointed elsewhere.

Joep
FC Urban",,,,
40,Metlife Investment Management,,Financial institution,EC4R 3AB,"ONE ANGEL LANE, LONDON",26/02/2014,FULL,64999 - Financial intermediation not elsewhere classified,Borough Academy,17,exact postcode,,,,,,"Hi {First} - I'm Joep from FC Urban. We run social football at Borough Academy, a 17-min walk from Metlife Investment Management. Looking for someone inside the team up for starting an after-work game - we handle pitch, payments and organising. Open to a quick chat?",266,"Thanks for connecting, {First}.

Quick one - we run social football games at Borough Academy, about 17 minutes' walk from your office. A few City firms use them as an easy after-work thing for colleagues: we sort the pitch, the payments and the organising, and can top the group up with our own players if numbers are short.

Is there someone at Metlife Investment Management who looks after wellbeing or staff socials I should be speaking to? Happy to be pointed elsewhere.

Joep
FC Urban",,,,
41,Equals Money International,,Financial institution,EC4V 3BJ,"3RD FLOOR, VINTNERS' PLACE, LONDON",23/04/2015,FULL,64191 - Banks,Borough Academy,17,exact postcode,,,,,,"Hi {First} - I'm Joep from FC Urban. We run social football at Borough Academy, a 17-min walk from Equals Money International. Looking for someone inside the team up for starting an after-work game - we handle pitch, payments and organising. Open to a quick chat?",263,"Thanks for connecting, {First}.

Quick one - we run social football games at Borough Academy, about 17 minutes' walk from your office. A few City firms use them as an easy after-work thing for colleagues: we sort the pitch, the payments and the organising, and can top the group up with our own players if numbers are short.

Is there someone at Equals Money International who looks after wellbeing or staff socials I should be speaking to? Happy to be pointed elsewhere.

Joep
FC Urban",,,,
42,Payrnet,,Financial institution,EC4V 3BJ,"3RD FLOOR, VINTNERS' PLACE, LONDON",23/11/2015,FULL,64999 - Financial intermediation not elsewhere classified,Borough Academy,17,exact postcode,,,,,,"Hi {First} - I'm Joep from FC Urban. We run social football at Borough Academy, a 17-min walk from Payrnet. Looking for someone inside the team up for starting an after-work game - we handle pitch, payments and organising. Open to a quick chat?",244,"Thanks for connecting, {First}.

Quick one - we run social football games at Borough Academy, about 17 minutes' walk from your office. A few City firms use them as an easy after-work thing for colleagues: we sort the pitch, the payments and the organising, and can top the group up with our own players if numbers are short.

Is there someone at Payrnet who looks after wellbeing or staff socials I should be speaking to? Happy to be pointed elsewhere.

Joep
FC Urban",,,,
43,Mightyhive,,Financial institution,EC2A 4DN,"MEDIAMONKS, 15, LONDON",15/07/2016,FULL,64999 - Financial intermediation not elsewhere classified,Old St - Moreland Primary School,17,exact postcode,,,,,,"Hi {First} - I'm Joep from FC Urban. We run social football at Old St - Moreland Primary School, a 17-min walk from Mightyhive. Looking for someone inside the team up for starting an after-work game - we handle pitch, payments and organising. Open to a quick chat?",264,"Thanks for connecting, {First}.

Quick one - we run social football games at Old St - Moreland Primary School, about 17 minutes' walk from your office. A few City firms use them as an easy after-work thing for colleagues: we sort the pitch, the payments and the organising, and can top the group up with our own players if numbers are short.

Is there someone at Mightyhive who looks after wellbeing or staff socials I should be speaking to? Happy to be pointed elsewhere.

Joep
FC Urban",,,,
44,Oscar Agro,,Financial institution,EC4V 3BJ,"C/O SUMI AGRO EUROPE LIMITED VINTNERS PLACE, LONDON",22/06/2018,FULL,64201 - Activities of agricultural holding companies,Borough Academy,17,exact postcode,,,,,,"Hi {First} - I'm Joep from FC Urban. We run social football at Borough Academy, a 17-min walk from Oscar Agro. Looking for someone inside the team up for starting an after-work game - we handle pitch, payments and organising. Open to a quick chat?",247,"Thanks for connecting, {First}.

Quick one - we run social football games at Borough Academy, about 17 minutes' walk from your office. A few City firms use them as an easy after-work thing for colleagues: we sort the pitch, the payments and the organising, and can top the group up with our own players if numbers are short.

Is there someone at Oscar Agro who looks after wellbeing or staff socials I should be speaking to? Happy to be pointed elsewhere.

Joep
FC Urban",,,,
45,Acuris Holdings,,Financial institution,EC4R 1BE,"C/O ION, LONDON",18/04/2019,FULL,64209 - Activities of other holding companies n.e.c.,Borough Academy,17,exact postcode,,,,,,"Hi {First} - I'm Joep from FC Urban. We run social football at Borough Academy, a 17-min walk from Acuris Holdings. Looking for someone inside the team up for starting an after-work game - we handle pitch, payments and organising. Open to a quick chat?",252,"Thanks for connecting, {First}.

Quick one - we run social football games at Borough Academy, about 17 minutes' walk from your office. A few City firms use them as an easy after-work thing for colleagues: we sort the pitch, the payments and the organising, and can top the group up with our own players if numbers are short.

Is there someone at Acuris Holdings who looks after wellbeing or staff socials I should be speaking to? Happy to be pointed elsewhere.

Joep
FC Urban",,,,
46,Acuris International,,Financial institution,EC4R 1BE,"C/O ION 10 QUEEN ST PLACE, LONDON",18/04/2019,FULL,64204 - Activities of distribution holding companies,Borough Academy,17,exact postcode,,,,,,"Hi {First} - I'm Joep from FC Urban. We run social football at Borough Academy, a 17-min walk from Acuris International. Looking for someone inside the team up for starting an after-work game - we handle pitch, payments and organising. Open to a quick chat?",257,"Thanks for connecting, {First}.

Quick one - we run social football games at Borough Academy, about 17 minutes' walk from your office. A few City firms use them as an easy after-work thing for colleagues: we sort the pitch, the payments and the organising, and can top the group up with our own players if numbers are short.

Is there someone at Acuris International who looks after wellbeing or staff socials I should be speaking to? Happy to be pointed elsewhere.

Joep
FC Urban",,,,
47,Roqqett,,Financial institution,EC4V 3BJ,"THIRD FLOOR, THAMES HOUSE VINTNERS PLACE, LONDON",25/11/2019,FULL,62012 - Business and domestic software development | 64999 - Financial intermediation not elsewhere classified,Borough Academy,17,exact postcode,,,,,,"Hi {First} - I'm Joep from FC Urban. We run social football at Borough Academy, a 17-min walk from Roqqett. Looking for someone inside the team up for starting an after-work game - we handle pitch, payments and organising. Open to a quick chat?",244,"Thanks for connecting, {First}.

Quick one - we run social football games at Borough Academy, about 17 minutes' walk from your office. A few City firms use them as an easy after-work thing for colleagues: we sort the pitch, the payments and the organising, and can top the group up with our own players if numbers are short.

Is there someone at Roqqett who looks after wellbeing or staff socials I should be speaking to? Happy to be pointed elsewhere.

Joep
FC Urban",,,,
48,Itrs Europe Holdings,,Financial institution,EC2A 4DN,"15 BONHILL STREET, LONDON",27/10/2020,FULL,64209 - Activities of other holding companies n.e.c.,Old St - Moreland Primary School,17,exact postcode,,,,,,"Hi {First} - I'm Joep from FC Urban. We run social football at Old St - Moreland Primary School, a 17-min walk from Itrs Europe Holdings. Looking for someone inside the team up for starting an after-work game - we handle pitch, payments and organising. Open to a quick chat?",274,"Thanks for connecting, {First}.

Quick one - we run social football games at Old St - Moreland Primary School, about 17 minutes' walk from your office. A few City firms use them as an easy after-work thing for colleagues: we sort the pitch, the payments and the organising, and can top the group up with our own players if numbers are short.

Is there someone at Itrs Europe Holdings who looks after wellbeing or staff socials I should be speaking to? Happy to be pointed elsewhere.

Joep
FC Urban",,,,
49,Anubis Wind Company,,Financial institution,EC4V 3BJ,"VINTNERS  PLACE, LONDON",14/06/2022,FULL,64209 - Activities of other holding companies n.e.c.,Borough Academy,17,exact postcode,,,,,,"Hi {First} - I'm Joep from FC Urban. We run social football at Borough Academy, a 17-min walk from Anubis Wind Company. Looking for someone inside the team up for starting an after-work game - we handle pitch, payments and organising. Open to a quick chat?",256,"Thanks for connecting, {First}.

Quick one - we run social football games at Borough Academy, about 17 minutes' walk from your office. A few City firms use them as an easy after-work thing for colleagues: we sort the pitch, the payments and the organising, and can top the group up with our own players if numbers are short.

Is there someone at Anubis Wind Company who looks after wellbeing or staff socials I should be speaking to? Happy to be pointed elsewhere.

Joep
FC Urban",,,,
50,Nephthys Wind Company,,Financial institution,EC4V 3BJ,"VINTNERS  PLACE, LONDON",14/06/2022,FULL,64209 - Activities of other holding companies n.e.c.,Borough Academy,17,exact postcode,,,,,,"Hi {First} - I'm Joep from FC Urban. We run social football at Borough Academy, a 17-min walk from Nephthys Wind Company. Looking for someone inside the team up for starting an after-work game - we handle pitch, payments and organising. Open to a quick chat?",258,"Thanks for connecting, {First}.

Quick one - we run social football games at Borough Academy, about 17 minutes' walk from your office. A few City firms use them as an easy after-work thing for colleagues: we sort the pitch, the payments and the organising, and can top the group up with our own players if numbers are short.

Is there someone at Nephthys Wind Company who looks after wellbeing or staff socials I should be speaking to? Happy to be pointed elsewhere.

Joep
FC Urban",,,,
51,Julius Baer International,,Financial institution,EC1N 8SS,"20-23 GREVILLE STREET, LONDON",28/06/1973,GROUP,64999 - Financial intermediation not elsewhere classified,Old St - Moreland Primary School,18,exact postcode,,,,,,"Hi {First} - I'm Joep from FC Urban. We run social football at Old St - Moreland Primary School, a 18-min walk from Julius Baer International. Looking for someone inside the team up for starting an after-work game - we handle pitch, payments and organising. Open to a quick chat?",279,"Thanks for connecting, {First}.

Quick one - we run social football games at Old St - Moreland Primary School, about 18 minutes' walk from your office. A few City firms use them as an easy after-work thing for colleagues: we sort the pitch, the payments and the organising, and can top the group up with our own players if numbers are short.

Is there someone at Julius Baer International who looks after wellbeing or staff socials I should be speaking to? Happy to be pointed elsewhere.

Joep
FC Urban",,,,
52,Dkb Group Holdings,,Financial institution,EC4V 3DB,"MERMAID HOUSE PUDDLE DOCK, LONDON",29/03/2019,GROUP,64209 - Activities of other holding companies n.e.c.,Borough Academy,18,exact postcode,,,,,,"Hi {First} - I'm Joep from FC Urban. We run social football at Borough Academy, a 18-min walk from Dkb Group Holdings. Looking for someone inside the team up for starting an after-work game - we handle pitch, payments and organising. Open to a quick chat?",255,"Thanks for connecting, {First}.

Quick one - we run social football games at Borough Academy, about 18 minutes' walk from your office. A few City firms use them as an easy after-work thing for colleagues: we sort the pitch, the payments and the organising, and can top the group up with our own players if numbers are short.

Is there someone at Dkb Group Holdings who looks after wellbeing or staff socials I should be speaking to? Happy to be pointed elsewhere.

Joep
FC Urban",,,,
53,Smart Managed Solutions Group,,Financial institution,EC3N 1LJ,"UNIT 201 PORTSOKEN HOUSE, LONDON",19/03/2020,GROUP,64209 - Activities of other holding companies n.e.c.,Whitechapel,18,exact postcode,,,,,,"Hi {First} - I'm Joep from FC Urban. We run social football at Whitechapel, a 18-min walk from Smart Managed Solutions Group. Looking for someone inside the team up for starting an after-work game - we handle pitch, payments and organising. Open to a quick chat?",262,"Thanks for connecting, {First}.

Quick one - we run social football games at Whitechapel, about 18 minutes' walk from your office. A few City firms use them as an easy after-work thing for colleagues: we sort the pitch, the payments and the organising, and can top the group up with our own players if numbers are short.

Is there someone at Smart Managed Solutions Group who looks after wellbeing or staff socials I should be speaking to? Happy to be pointed elsewhere.

Joep
FC Urban",,,,
54,Intelligent Lending,,Financial institution,EC1Y 2AS,"WHITE COLLAR FACTORY, LONDON",21/09/2001,FULL,64999 - Financial intermediation not elsewhere classified,Shoreditch Rooftop,18,exact postcode,,,,,,"Hi {First} - I'm Joep from FC Urban. We run social football at Shoreditch Rooftop, a 18-min walk from Intelligent Lending. Looking for someone inside the team up for starting an after-work game - we handle pitch, payments and organising. Open to a quick chat?",259,"Thanks for connecting, {First}.

Quick one - we run social football games at Shoreditch Rooftop, about 18 minutes' walk from your office. A few City firms use them as an easy after-work thing for colleagues: we sort the pitch, the payments and the organising, and can top the group up with our own players if numbers are short.

Is there someone at Intelligent Lending who looks after wellbeing or staff socials I should be speaking to? Happy to be pointed elsewhere.

Joep
FC Urban",,,,
55,R&Q Broker Services,,Financial institution,EC4V 3DB,"THE MERMAID 2 PUDDLE DOCK, LONDON",27/07/2007,FULL,66220 - Activities of insurance agents and brokers,Borough Academy,18,exact postcode,,,,,,"Hi {First} - I'm Joep from FC Urban. We run social football at Borough Academy, a 18-min walk from R&Q Broker Services. Looking for someone inside the team up for starting an after-work game - we handle pitch, payments and organising. Open to a quick chat?",256,"Thanks for connecting, {First}.

Quick one - we run social football games at Borough Academy, about 18 minutes' walk from your office. A few City firms use them as an easy after-work thing for colleagues: we sort the pitch, the payments and the organising, and can top the group up with our own players if numbers are short.

Is there someone at R&Q Broker Services who looks after wellbeing or staff socials I should be speaking to? Happy to be pointed elsewhere.

Joep
FC Urban",,,,
56,Angra,,Financial institution,EC4V 3DB,"2 THE MERMAID HOUSE, 2 PUDDLE DOCK, BLACKFRIARS, LONDON",06/07/2009,FULL,64999 - Financial intermediation not elsewhere classified,Borough Academy,18,exact postcode,,,,,,"Hi {First} - I'm Joep from FC Urban. We run social football at Borough Academy, a 18-min walk from Angra. Looking for someone inside the team up for starting an after-work game - we handle pitch, payments and organising. Open to a quick chat?",242,"Thanks for connecting, {First}.

Quick one - we run social football games at Borough Academy, about 18 minutes' walk from your office. A few City firms use them as an easy after-work thing for colleagues: we sort the pitch, the payments and the organising, and can top the group up with our own players if numbers are short.

Is there someone at Angra who looks after wellbeing or staff socials I should be speaking to? Happy to be pointed elsewhere.

Joep
FC Urban",,,,
57,Smart Managed Solutions Holdings,,Financial institution,EC3N 1LJ,"UNIT 201 PORTSOKEN HOUSE, LONDON",19/03/2020,FULL,64209 - Activities of other holding companies n.e.c.,Whitechapel,18,exact postcode,,,,,,"Hi {First} - I'm Joep from FC Urban. We run social football at Whitechapel, a 18-min walk from Smart Managed Solutions Holdings. Looking for someone inside the team up for starting an after-work game - we handle pitch, payments and organising. Open to a quick chat?",265,"Thanks for connecting, {First}.

Quick one - we run social football games at Whitechapel, about 18 minutes' walk from your office. A few City firms use them as an easy after-work thing for colleagues: we sort the pitch, the payments and the organising, and can top the group up with our own players if numbers are short.

Is there someone at Smart Managed Solutions Holdings who looks after wellbeing or staff socials I should be speaking to? Happy to be pointed elsewhere.

Joep
FC Urban",,,,
58,Weavepay,,Financial institution,EC4V 3DB,"MERMAID HOUSE, LONDON",03/07/2020,FULL,62012 - Business and domestic software development | 64999 - Financial intermediation not elsewhere classified,Borough Academy,18,exact postcode,,,,,,"Hi {First} - I'm Joep from FC Urban. We run social football at Borough Academy, a 18-min walk from Weavepay. Looking for someone inside the team up for starting an after-work game - we handle pitch, payments and organising. Open to a quick chat?",245,"Thanks for connecting, {First}.

Quick one - we run social football games at Borough Academy, about 18 minutes' walk from your office. A few City firms use them as an easy after-work thing for colleagues: we sort the pitch, the payments and the organising, and can top the group up with our own players if numbers are short.

Is there someone at Weavepay who looks after wellbeing or staff socials I should be speaking to? Happy to be pointed elsewhere.

Joep
FC Urban",,,,
59,Infinigate Hld Uk,,Financial institution,EC2A 4BX,"FIRST FLOOR,, LONDON",10/05/2022,FULL,64209 - Activities of other holding companies n.e.c.,Old St - Moreland Primary School,18,exact postcode,,,,,,"Hi {First} - I'm Joep from FC Urban. We run social football at Old St - Moreland Primary School, a 18-min walk from Infinigate Hld Uk. Looking for someone inside the team up for starting an after-work game - we handle pitch, payments and organising. Open to a quick chat?",271,"Thanks for connecting, {First}.

Quick one - we run social football games at Old St - Moreland Primary School, about 18 minutes' walk from your office. A few City firms use them as an easy after-work thing for colleagues: we sort the pitch, the payments and the organising, and can top the group up with our own players if numbers are short.

Is there someone at Infinigate Hld Uk who looks after wellbeing or staff socials I should be speaking to? Happy to be pointed elsewhere.

Joep
FC Urban",,,,
60,Walker Crips Group,,Financial institution,EC4V 4BJ,"128 QUEEN VICTORIA STREET, LONDON",21/06/1979,GROUP,64999 - Financial intermediation not elsewhere classified,Borough Academy,19,exact postcode,,,,,,"Hi {First} - I'm Joep from FC Urban. We run social football at Borough Academy, a 19-min walk from Walker Crips Group. Looking for someone inside the team up for starting an after-work game - we handle pitch, payments and organising. Open to a quick chat?",255,"Thanks for connecting, {First}.

Quick one - we run social football games at Borough Academy, about 19 minutes' walk from your office. A few City firms use them as an easy after-work thing for colleagues: we sort the pitch, the payments and the organising, and can top the group up with our own players if numbers are short.

Is there someone at Walker Crips Group who looks after wellbeing or staff socials I should be speaking to? Happy to be pointed elsewhere.

Joep
FC Urban",,,,
61,The Character Group,,Financial institution,EC2Y 9AW,"CITYPOINT 16TH FLOOR, LONDON",15/03/1995,GROUP,64209 - Activities of other holding companies n.e.c. | 70100 - Activities of head offices,Old St - Moreland Primary School,19,exact postcode,,,,,,"Hi {First} - I'm Joep from FC Urban. We run social football at Old St - Moreland Primary School, a 19-min walk from The Character Group. Looking for someone inside the team up for starting an after-work game - we handle pitch, payments and organising. Open to a quick chat?",273,"Thanks for connecting, {First}.

Quick one - we run social football games at Old St - Moreland Primary School, about 19 minutes' walk from your office. A few City firms use them as an easy after-work thing for colleagues: we sort the pitch, the payments and the organising, and can top the group up with our own players if numbers are short.

Is there someone at The Character Group who looks after wellbeing or staff socials I should be speaking to? Happy to be pointed elsewhere.

Joep
FC Urban",,,,
62,Utb Partners,,Financial institution,EC2Y 9AW,"28TH FLOOR, ONE, LONDON",14/10/2003,GROUP,64205 - Activities of financial services holding companies,Old St - Moreland Primary School,19,exact postcode,,,,,,"Hi {First} - I'm Joep from FC Urban. We run social football at Old St - Moreland Primary School, a 19-min walk from Utb Partners. Looking for someone inside the team up for starting an after-work game - we handle pitch, payments and organising. Open to a quick chat?",266,"Thanks for connecting, {First}.

Quick one - we run social football games at Old St - Moreland Primary School, about 19 minutes' walk from your office. A few City firms use them as an easy after-work thing for colleagues: we sort the pitch, the payments and the organising, and can top the group up with our own players if numbers are short.

Is there someone at Utb Partners who looks after wellbeing or staff socials I should be speaking to? Happy to be pointed elsewhere.

Joep
FC Urban",,,,
63,Otcx,,Financial institution,EC4R 2SU,"6 DOWGATE HILL, LONDON",21/05/2013,GROUP,64209 - Activities of other holding companies n.e.c.,Borough Academy,19,exact postcode,,,,,,"Hi {First} - I'm Joep from FC Urban. We run social football at Borough Academy, a 19-min walk from Otcx. Looking for someone inside the team up for starting an after-work game - we handle pitch, payments and organising. Open to a quick chat?",241,"Thanks for connecting, {First}.

Quick one - we run social football games at Borough Academy, about 19 minutes' walk from your office. A few City firms use them as an easy after-work thing for colleagues: we sort the pitch, the payments and the organising, and can top the group up with our own players if numbers are short.

Is there someone at Otcx who looks after wellbeing or staff socials I should be speaking to? Happy to be pointed elsewhere.

Joep
FC Urban",,,,
64,Three60 Energy,,Financial institution,EC1A 7BN,"C/O BRODIES LLP, LONDON",08/09/2016,GROUP,64209 - Activities of other holding companies n.e.c.,Old St - Moreland Primary School,19,exact postcode,,,,,,"Hi {First} - I'm Joep from FC Urban. We run social football at Old St - Moreland Primary School, a 19-min walk from Three60 Energy. Looking for someone inside the team up for starting an after-work game - we handle pitch, payments and organising. Open to a quick chat?",268,"Thanks for connecting, {First}.

Quick one - we run social football games at Old St - Moreland Primary School, about 19 minutes' walk from your office. A few City firms use them as an easy after-work thing for colleagues: we sort the pitch, the payments and the organising, and can top the group up with our own players if numbers are short.

Is there someone at Three60 Energy who looks after wellbeing or staff socials I should be speaking to? Happy to be pointed elsewhere.

Joep
FC Urban",,,,
65,Multi Asset Solutions,,Financial institution,EC2A 1NT,"131 FINSBURY PAVEMENT, LONDON",07/05/2020,GROUP,66120 - Security and commodity contracts dealing activities,Old St - Moreland Primary School,19,exact postcode,,,,,,"Hi {First} - I'm Joep from FC Urban. We run social football at Old St - Moreland Primary School, a 19-min walk from Multi Asset Solutions. Looking for someone inside the team up for starting an after-work game - we handle pitch, payments and organising. Open to a quick chat?",275,"Thanks for connecting, {First}.

Quick one - we run social football games at Old St - Moreland Primary School, about 19 minutes' walk from your office. A few City firms use them as an easy after-work thing for colleagues: we sort the pitch, the payments and the organising, and can top the group up with our own players if numbers are short.

Is there someone at Multi Asset Solutions who looks after wellbeing or staff socials I should be speaking to? Happy to be pointed elsewhere.

Joep
FC Urban",,,,
66,Upside X,,Financial institution,EC1A 7BN,"4TH FLOOR, 90, LONDON",27/05/2020,GROUP,64209 - Activities of other holding companies n.e.c.,Old St - Moreland Primary School,19,exact postcode,,,,,,"Hi {First} - I'm Joep from FC Urban. We run social football at Old St - Moreland Primary School, a 19-min walk from Upside X. Looking for someone inside the team up for starting an after-work game - we handle pitch, payments and organising. Open to a quick chat?",262,"Thanks for connecting, {First}.

Quick one - we run social football games at Old St - Moreland Primary School, about 19 minutes' walk from your office. A few City firms use them as an easy after-work thing for colleagues: we sort the pitch, the payments and the organising, and can top the group up with our own players if numbers are short.

Is there someone at Upside X who looks after wellbeing or staff socials I should be speaking to? Happy to be pointed elsewhere.

Joep
FC Urban",,,,
67,Phillipcapital Uk,,Financial institution,EC4V 4BJ,"128 QUEEN VICTORIA STREET, LONDON",19/10/1993,FULL,64999 - Financial intermediation not elsewhere classified | 66110 - Administration of financial markets,Borough Academy,19,exact postcode,,,,,,"Hi {First} - I'm Joep from FC Urban. We run social football at Borough Academy, a 19-min walk from Phillipcapital Uk. Looking for someone inside the team up for starting an after-work game - we handle pitch, payments and organising. Open to a quick chat?",254,"Thanks for connecting, {First}.

Quick one - we run social football games at Borough Academy, about 19 minutes' walk from your office. A few City firms use them as an easy after-work thing for colleagues: we sort the pitch, the payments and the organising, and can top the group up with our own players if numbers are short.

Is there someone at Phillipcapital Uk who looks after wellbeing or staff socials I should be speaking to? Happy to be pointed elsewhere.

Joep
FC Urban",,,,
68,Wilson Europe,,Financial institution,EC3N 2EX,"405A, 4TH FLOOR DAWSON HOUSE, LONDON",10/11/1995,FULL,66190 - Activities auxiliary to financial intermediation n.e.c.,Whitechapel,19,exact postcode,,,,,,"Hi {First} - I'm Joep from FC Urban. We run social football at Whitechapel, a 19-min walk from Wilson Europe. Looking for someone inside the team up for starting an after-work game - we handle pitch, payments and organising. Open to a quick chat?",246,"Thanks for connecting, {First}.

Quick one - we run social football games at Whitechapel, about 19 minutes' walk from your office. A few City firms use them as an easy after-work thing for colleagues: we sort the pitch, the payments and the organising, and can top the group up with our own players if numbers are short.

Is there someone at Wilson Europe who looks after wellbeing or staff socials I should be speaking to? Happy to be pointed elsewhere.

Joep
FC Urban",,,,
69,Berkshire Hathaway International Insurance,,Financial institution,EC3A 7AW,"4TH FLOOR, THE ST BOTOLPH BUILDING,, LONDON",26/07/1996,FULL,65120 - Non-life insurance,Whitechapel,19,exact postcode,,,,,,"Hi {First} - I'm Joep from FC Urban. We run social football at Whitechapel, a 19-min walk from Berkshire Hathaway International Insurance. Looking for someone inside the team up for starting an after-work game - we handle pitch, payments and organising. Open to a quick chat?",275,"Thanks for connecting, {First}.

Quick one - we run social football games at Whitechapel, about 19 minutes' walk from your office. A few City firms use them as an easy after-work thing for colleagues: we sort the pitch, the payments and the organising, and can top the group up with our own players if numbers are short.

Is there someone at Berkshire Hathaway International Insurance who looks after wellbeing or staff socials I should be speaking to? Happy to be pointed elsewhere.

Joep
FC Urban",,,,
70,Global Investment Strategy Uk,,Financial institution,EC1A 4HD,"200 ALDERSGATE STREET, LONDON",29/10/2002,FULL,64999 - Financial intermediation not elsewhere classified,Old St - Moreland Primary School,19,exact postcode,,,,,,"Hi {First} - I'm Joep from FC Urban. We run social football at Old St - Moreland Primary School, a 19-min walk from Global Investment Strategy Uk. Looking for someone inside the team up for starting an after-work game - we handle pitch, payments and organising. Open to a quick chat?",283,"Thanks for connecting, {First}.

Quick one - we run social football games at Old St - Moreland Primary School, about 19 minutes' walk from your office. A few City firms use them as an easy after-work thing for colleagues: we sort the pitch, the payments and the organising, and can top the group up with our own players if numbers are short.

Is there someone at Global Investment Strategy Uk who looks after wellbeing or staff socials I should be speaking to? Happy to be pointed elsewhere.

Joep
FC Urban",,,,
71,Fti Consulting Management,,Financial institution,EC1A 4HD,"200 ALDERSGATE, LONDON",19/06/2003,FULL,64209 - Activities of other holding companies n.e.c. | 74990 - Non-trading company,Old St - Moreland Primary School,19,exact postcode,,,,,,"Hi {First} - I'm Joep from FC Urban. We run social football at Old St - Moreland Primary School, a 19-min walk from Fti Consulting Management. Looking for someone inside the team up for starting an after-work game - we handle pitch, payments and organising. Open to a quick chat?",279,"Thanks for connecting, {First}.

Quick one - we run social football games at Old St - Moreland Primary School, about 19 minutes' walk from your office. A few City firms use them as an easy after-work thing for colleagues: we sort the pitch, the payments and the organising, and can top the group up with our own players if numbers are short.

Is there someone at Fti Consulting Management who looks after wellbeing or staff socials I should be speaking to? Happy to be pointed elsewhere.

Joep
FC Urban",,,,
72,Walker Crips Investment Management,,Financial institution,EC4V 4BJ,"128 QUEEN VICTORIA STREET, LONDON",22/05/2003,FULL,64991 - Security dealing on own account | 64999 - Financial intermediation not elsewhere classified | 66190 - Activities auxiliary to financial intermediation n.e.c.,Borough Academy,19,exact postcode,,,,,,"Hi {First} - I'm Joep from FC Urban. We run social football at Borough Academy, a 19-min walk from Walker Crips Investment Management. Looking for someone inside the team up for starting an after-work game - we handle pitch, payments and organising. Open to a quick chat?",271,"Thanks for connecting, {First}.

Quick one - we run social football games at Borough Academy, about 19 minutes' walk from your office. A few City firms use them as an easy after-work thing for colleagues: we sort the pitch, the payments and the organising, and can top the group up with our own players if numbers are short.

Is there someone at Walker Crips Investment Management who looks after wellbeing or staff socials I should be speaking to? Happy to be pointed elsewhere.

Joep
FC Urban",,,,
73,Fti Uk Holdings,,Financial institution,EC1A 4HD,"200 ALDERSGATE, LONDON",03/09/2007,FULL,64209 - Activities of other holding companies n.e.c.,Old St - Moreland Primary School,19,exact postcode,,,,,,"Hi {First} - I'm Joep from FC Urban. We run social football at Old St - Moreland Primary School, a 19-min walk from Fti Uk Holdings. Looking for someone inside the team up for starting an after-work game - we handle pitch, payments and organising. Open to a quick chat?",269,"Thanks for connecting, {First}.

Quick one - we run social football games at Old St - Moreland Primary School, about 19 minutes' walk from your office. A few City firms use them as an easy after-work thing for colleagues: we sort the pitch, the payments and the organising, and can top the group up with our own players if numbers are short.

Is there someone at Fti Uk Holdings who looks after wellbeing or staff socials I should be speaking to? Happy to be pointed elsewhere.

Joep
FC Urban",,,,
74,Infinox Capital,,Financial institution,EC1A 7BN,"90 BARTHOLOMEW CLOSE, LONDON",21/03/2009,FULL,64999 - Financial intermediation not elsewhere classified,Old St - Moreland Primary School,19,exact postcode,,,,,,"Hi {First} - I'm Joep from FC Urban. We run social football at Old St - Moreland Primary School, a 19-min walk from Infinox Capital. Looking for someone inside the team up for starting an after-work game - we handle pitch, payments and organising. Open to a quick chat?",269,"Thanks for connecting, {First}.

Quick one - we run social football games at Old St - Moreland Primary School, about 19 minutes' walk from your office. A few City firms use them as an easy after-work thing for colleagues: we sort the pitch, the payments and the organising, and can top the group up with our own players if numbers are short.

Is there someone at Infinox Capital who looks after wellbeing or staff socials I should be speaking to? Happy to be pointed elsewhere.

Joep
FC Urban",,,,
75,Miramar Underwriting,,Financial institution,EC3N 2EX,"DAWSON HOUSE 5, JEWRY STREET, LONDON",07/08/2009,FULL,66220 - Activities of insurance agents and brokers,Whitechapel,19,exact postcode,,,,,,"Hi {First} - I'm Joep from FC Urban. We run social football at Whitechapel, a 19-min walk from Miramar Underwriting. Looking for someone inside the team up for starting an after-work game - we handle pitch, payments and organising. Open to a quick chat?",253,"Thanks for connecting, {First}.

Quick one - we run social football games at Whitechapel, about 19 minutes' walk from your office. A few City firms use them as an easy after-work thing for colleagues: we sort the pitch, the payments and the organising, and can top the group up with our own players if numbers are short.

Is there someone at Miramar Underwriting who looks after wellbeing or staff socials I should be speaking to? Happy to be pointed elsewhere.

Joep
FC Urban",,,,
76,Ecommpay,,Financial institution,EC1V 9BW,"5TH FLOOR, CHURCHILL HOUSE, LONDON",24/06/2013,FULL,64999 - Financial intermediation not elsewhere classified,Shoreditch Rooftop,19,exact postcode,,,,,,"Hi {First} - I'm Joep from FC Urban. We run social football at Shoreditch Rooftop, a 19-min walk from Ecommpay. Looking for someone inside the team up for starting an after-work game - we handle pitch, payments and organising. Open to a quick chat?",248,"Thanks for connecting, {First}.

Quick one - we run social football games at Shoreditch Rooftop, about 19 minutes' walk from your office. A few City firms use them as an easy after-work thing for colleagues: we sort the pitch, the payments and the organising, and can top the group up with our own players if numbers are short.

Is there someone at Ecommpay who looks after wellbeing or staff socials I should be speaking to? Happy to be pointed elsewhere.

Joep
FC Urban",,,,
77,Otcx Trading,,Financial institution,EC4R 2SU,"6 DOWGATE HILL, LONDON",24/06/2014,FULL,66190 - Activities auxiliary to financial intermediation n.e.c.,Borough Academy,19,exact postcode,,,,,,"Hi {First} - I'm Joep from FC Urban. We run social football at Borough Academy, a 19-min walk from Otcx Trading. Looking for someone inside the team up for starting an after-work game - we handle pitch, payments and organising. Open to a quick chat?",249,"Thanks for connecting, {First}.

Quick one - we run social football games at Borough Academy, about 19 minutes' walk from your office. A few City firms use them as an easy after-work thing for colleagues: we sort the pitch, the payments and the organising, and can top the group up with our own players if numbers are short.

Is there someone at Otcx Trading who looks after wellbeing or staff socials I should be speaking to? Happy to be pointed elsewhere.

Joep
FC Urban",,,,
78,Jlif Holdings (Barcelona Metro),,Financial institution,EC1A 4HD,"3RD FLOOR, SOUTH BUILDING, 200, LONDON",14/12/2015,FULL,64209 - Activities of other holding companies n.e.c.,Old St - Moreland Primary School,19,exact postcode,,,,,,"Hi {First} - I'm Joep from FC Urban. We run social football at Old St - Moreland Primary School, a 19-min walk from Jlif Holdings (Barcelona Metro). Looking for someone inside the team up for starting an after-work game - we handle pitch, payments and organising. Open to a quick chat?",285,"Thanks for connecting, {First}.

Quick one - we run social football games at Old St - Moreland Primary School, about 19 minutes' walk from your office. A few City firms use them as an easy after-work thing for colleagues: we sort the pitch, the payments and the organising, and can top the group up with our own players if numbers are short.

Is there someone at Jlif Holdings (Barcelona Metro) who looks after wellbeing or staff socials I should be speaking to? Happy to be pointed elsewhere.

Joep
FC Urban",,,,
79,Synergis Capital,,Financial institution,EC1A 4HD,"C/O GIS, LONDON",24/06/2016,FULL,64929 - Other credit granting n.e.c.,Old St - Moreland Primary School,19,exact postcode,,,,,,"Hi {First} - I'm Joep from FC Urban. We run social football at Old St - Moreland Primary School, a 19-min walk from Synergis Capital. Looking for someone inside the team up for starting an after-work game - we handle pitch, payments and organising. Open to a quick chat?",270,"Thanks for connecting, {First}.

Quick one - we run social football games at Old St - Moreland Primary School, about 19 minutes' walk from your office. A few City firms use them as an easy after-work thing for colleagues: we sort the pitch, the payments and the organising, and can top the group up with our own players if numbers are short.

Is there someone at Synergis Capital who looks after wellbeing or staff socials I should be speaking to? Happy to be pointed elsewhere.

Joep
FC Urban",,,,
80,Emerald Financial Group (Uk),,Financial institution,EC4Y 0HA,"HAMILTON HOUSE, LONDON",07/09/2018,FULL,64999 - Financial intermediation not elsewhere classified,Borough Academy,19,exact postcode,,,,,,"Hi {First} - I'm Joep from FC Urban. We run social football at Borough Academy, a 19-min walk from Emerald Financial Group (Uk). Looking for someone inside the team up for starting an after-work game - we handle pitch, payments and organising. Open to a quick chat?",265,"Thanks for connecting, {First}.

Quick one - we run social football games at Borough Academy, about 19 minutes' walk from your office. A few City firms use them as an easy after-work thing for colleagues: we sort the pitch, the payments and the organising, and can top the group up with our own players if numbers are short.

Is there someone at Emerald Financial Group (Uk) who looks after wellbeing or staff socials I should be speaking to? Happy to be pointed elsewhere.

Joep
FC Urban",,,,
81,Three60 Epcc Holdings,,Financial institution,EC1A 7BN,"C/O BRODIES LLP, LONDON",11/01/2018,FULL,64209 - Activities of other holding companies n.e.c.,Old St - Moreland Primary School,19,exact postcode,,,,,,"Hi {First} - I'm Joep from FC Urban. We run social football at Old St - Moreland Primary School, a 19-min walk from Three60 Epcc Holdings. Looking for someone inside the team up for starting an after-work game - we handle pitch, payments and organising. Open to a quick chat?",275,"Thanks for connecting, {First}.

Quick one - we run social football games at Old St - Moreland Primary School, about 19 minutes' walk from your office. A few City firms use them as an easy after-work thing for colleagues: we sort the pitch, the payments and the organising, and can top the group up with our own players if numbers are short.

Is there someone at Three60 Epcc Holdings who looks after wellbeing or staff socials I should be speaking to? Happy to be pointed elsewhere.

Joep
FC Urban",,,,
82,Fti Consulting Global Holdings,,Financial institution,EC1A 4HD,"200 ALDERSGATE, LONDON",19/05/2020,FULL,64209 - Activities of other holding companies n.e.c.,Old St - Moreland Primary School,19,exact postcode,,,,,,"Hi {First} - I'm Joep from FC Urban. We run social football at Old St - Moreland Primary School, a 19-min walk from Fti Consulting Global Holdings. Looking for someone inside the team up for starting an after-work game - we handle pitch, payments and organising. Open to a quick chat?",284,"Thanks for connecting, {First}.

Quick one - we run social football games at Old St - Moreland Primary School, about 19 minutes' walk from your office. A few City firms use them as an easy after-work thing for colleagues: we sort the pitch, the payments and the organising, and can top the group up with our own players if numbers are short.

Is there someone at Fti Consulting Global Holdings who looks after wellbeing or staff socials I should be speaking to? Happy to be pointed elsewhere.

Joep
FC Urban",,,,
83,Fti Consulting Uk1 Holdings,,Financial institution,EC1A 4HD,"200 ALDERSGATE, ALDERSGATE STREET, LONDON",09/06/2020,FULL,64209 - Activities of other holding companies n.e.c.,Old St - Moreland Primary School,19,exact postcode,,,,,,"Hi {First} - I'm Joep from FC Urban. We run social football at Old St - Moreland Primary School, a 19-min walk from Fti Consulting Uk1 Holdings. Looking for someone inside the team up for starting an after-work game - we handle pitch, payments and organising. Open to a quick chat?",281,"Thanks for connecting, {First}.

Quick one - we run social football games at Old St - Moreland Primary School, about 19 minutes' walk from your office. A few City firms use them as an easy after-work thing for colleagues: we sort the pitch, the payments and the organising, and can top the group up with our own players if numbers are short.

Is there someone at Fti Consulting Uk1 Holdings who looks after wellbeing or staff socials I should be speaking to? Happy to be pointed elsewhere.

Joep
FC Urban",,,,
84,Fti Consulting Uk2 Holdings,,Financial institution,EC1A 4HD,"200 ALDERSGATE, ALDERSGATE STREET, LONDON",11/06/2020,FULL,64209 - Activities of other holding companies n.e.c.,Old St - Moreland Primary School,19,exact postcode,,,,,,"Hi {First} - I'm Joep from FC Urban. We run social football at Old St - Moreland Primary School, a 19-min walk from Fti Consulting Uk2 Holdings. Looking for someone inside the team up for starting an after-work game - we handle pitch, payments and organising. Open to a quick chat?",281,"Thanks for connecting, {First}.

Quick one - we run social football games at Old St - Moreland Primary School, about 19 minutes' walk from your office. A few City firms use them as an easy after-work thing for colleagues: we sort the pitch, the payments and the organising, and can top the group up with our own players if numbers are short.

Is there someone at Fti Consulting Uk2 Holdings who looks after wellbeing or staff socials I should be speaking to? Happy to be pointed elsewhere.

Joep
FC Urban",,,,
85,Squarepoint Services Uk,,Financial institution,EC2Y 9AW,"CITYPOINT, LONDON",26/09/2022,FULL,66300 - Fund management activities,Old St - Moreland Primary School,19,exact postcode,,,,,,"Hi {First} - I'm Joep from FC Urban. We run social football at Old St - Moreland Primary School, a 19-min walk from Squarepoint Services Uk. Looking for someone inside the team up for starting an after-work game - we handle pitch, payments and organising. Open to a quick chat?",277,"Thanks for connecting, {First}.

Quick one - we run social football games at Old St - Moreland Primary School, about 19 minutes' walk from your office. A few City firms use them as an easy after-work thing for colleagues: we sort the pitch, the payments and the organising, and can top the group up with our own players if numbers are short.

Is there someone at Squarepoint Services Uk who looks after wellbeing or staff socials I should be speaking to? Happy to be pointed elsewhere.

Joep
FC Urban",,,,
86,Madison Cf Uk,,Financial institution,EC4V 5EQ,"71-73 CARTER LANE, LONDON",07/02/2013,GROUP,64921 - Credit granting by non-deposit taking finance houses and other specialist consumer credit grantors,Borough Academy,20,exact postcode,,,,,,"Hi {First} - I'm Joep from FC Urban. We run social football at Borough Academy, a 20-min walk from Madison Cf Uk. Looking for someone inside the team up for starting an after-work game - we handle pitch, payments and organising. Open to a quick chat?",250,"Thanks for connecting, {First}.

Quick one - we run social football games at Borough Academy, about 20 minutes' walk from your office. A few City firms use them as an easy after-work thing for colleagues: we sort the pitch, the payments and the organising, and can top the group up with our own players if numbers are short.

Is there someone at Madison Cf Uk who looks after wellbeing or staff socials I should be speaking to? Happy to be pointed elsewhere.

Joep
FC Urban",,,,
87,Moorwand,,Financial institution,EC3N 3DS,"FORA, LONDON",16/04/2013,GROUP,62090 - Other information technology service activities | 64999 - Financial intermediation not elsewhere classified,Whitechapel,20,exact postcode,,,,,,"Hi {First} - I'm Joep from FC Urban. We run social football at Whitechapel, a 20-min walk from Moorwand. Looking for someone inside the team up for starting an after-work game - we handle pitch, payments and organising. Open to a quick chat?",241,"Thanks for connecting, {First}.

Quick one - we run social football games at Whitechapel, about 20 minutes' walk from your office. A few City firms use them as an easy after-work thing for colleagues: we sort the pitch, the payments and the organising, and can top the group up with our own players if numbers are short.

Is there someone at Moorwand who looks after wellbeing or staff socials I should be speaking to? Happy to be pointed elsewhere.

Joep
FC Urban",,,,
88,Duniya Holdings,,Financial institution,EC3N 3AE,"3RD FLOOR,  5 LLOYDS AVENUE, LONDON",06/10/2021,GROUP,64209 - Activities of other holding companies n.e.c.,Whitechapel,20,exact postcode,,,,,,"Hi {First} - I'm Joep from FC Urban. We run social football at Whitechapel, a 20-min walk from Duniya Holdings. Looking for someone inside the team up for starting an after-work game - we handle pitch, payments and organising. Open to a quick chat?",248,"Thanks for connecting, {First}.

Quick one - we run social football games at Whitechapel, about 20 minutes' walk from your office. A few City firms use them as an easy after-work thing for colleagues: we sort the pitch, the payments and the organising, and can top the group up with our own players if numbers are short.

Is there someone at Duniya Holdings who looks after wellbeing or staff socials I should be speaking to? Happy to be pointed elsewhere.

Joep
FC Urban",,,,
89,Nuova Capital,,Financial institution,EC3A 7LP,"DUKES HOUSE, LONDON",30/04/2021,GROUP,64303 - Activities of venture and development capital companies,Whitechapel,20,exact postcode,,,,,,"Hi {First} - I'm Joep from FC Urban. We run social football at Whitechapel, a 20-min walk from Nuova Capital. Looking for someone inside the team up for starting an after-work game - we handle pitch, payments and organising. Open to a quick chat?",246,"Thanks for connecting, {First}.

Quick one - we run social football games at Whitechapel, about 20 minutes' walk from your office. A few City firms use them as an easy after-work thing for colleagues: we sort the pitch, the payments and the organising, and can top the group up with our own players if numbers are short.

Is there someone at Nuova Capital who looks after wellbeing or staff socials I should be speaking to? Happy to be pointed elsewhere.

Joep
FC Urban",,,,
90,European Insurance And Reinsurance Brokers,,Financial institution,EC3N 3DS,"OFFICE 4.03, LONDON",04/09/1967,FULL,65202 - Non-life reinsurance,Whitechapel,20,exact postcode,,,,,,"Hi {First} - I'm Joep from FC Urban. We run social football at Whitechapel, a 20-min walk from European Insurance And Reinsurance Brokers. Looking for someone inside the team up for starting an after-work game - we handle pitch, payments and organising. Open to a quick chat?",275,"Thanks for connecting, {First}.

Quick one - we run social football games at Whitechapel, about 20 minutes' walk from your office. A few City firms use them as an easy after-work thing for colleagues: we sort the pitch, the payments and the organising, and can top the group up with our own players if numbers are short.

Is there someone at European Insurance And Reinsurance Brokers who looks after wellbeing or staff socials I should be speaking to? Happy to be pointed elsewhere.

Joep
FC Urban",,,,
91,Railpen,,Financial institution,EC2M 4YH,"7 DEVONSHIRE SQUARE, LONDON",10/11/1988,FULL,65300 - Pension funding,Whitechapel,20,exact postcode,,,,,,"Hi {First} - I'm Joep from FC Urban. We run social football at Whitechapel, a 20-min walk from Railpen. Looking for someone inside the team up for starting an after-work game - we handle pitch, payments and organising. Open to a quick chat?",240,"Thanks for connecting, {First}.

Quick one - we run social football games at Whitechapel, about 20 minutes' walk from your office. A few City firms use them as an easy after-work thing for colleagues: we sort the pitch, the payments and the organising, and can top the group up with our own players if numbers are short.

Is there someone at Railpen who looks after wellbeing or staff socials I should be speaking to? Happy to be pointed elsewhere.

Joep
FC Urban",,,,
92,Fmr Investment Management (Uk),,Financial institution,EC4M 5SB,"25 CANNON STREET, LONDON",21/09/2006,FULL,66300 - Fund management activities,Borough Academy,20,exact postcode,,,,,,"Hi {First} - I'm Joep from FC Urban. We run social football at Borough Academy, a 20-min walk from Fmr Investment Management (Uk). Looking for someone inside the team up for starting an after-work game - we handle pitch, payments and organising. Open to a quick chat?",267,"Thanks for connecting, {First}.

Quick one - we run social football games at Borough Academy, about 20 minutes' walk from your office. A few City firms use them as an easy after-work thing for colleagues: we sort the pitch, the payments and the organising, and can top the group up with our own players if numbers are short.

Is there someone at Fmr Investment Management (Uk) who looks after wellbeing or staff socials I should be speaking to? Happy to be pointed elsewhere.

Joep
FC Urban",,,,
93,Vfx Financial,,Financial institution,EC3A 7LP,"DUKES HOUSE, LONDON",09/05/2008,FULL,64999 - Financial intermediation not elsewhere classified,Whitechapel,20,exact postcode,,,,,,"Hi {First} - I'm Joep from FC Urban. We run social football at Whitechapel, a 20-min walk from Vfx Financial. Looking for someone inside the team up for starting an after-work game - we handle pitch, payments and organising. Open to a quick chat?",246,"Thanks for connecting, {First}.

Quick one - we run social football games at Whitechapel, about 20 minutes' walk from your office. A few City firms use them as an easy after-work thing for colleagues: we sort the pitch, the payments and the organising, and can top the group up with our own players if numbers are short.

Is there someone at Vfx Financial who looks after wellbeing or staff socials I should be speaking to? Happy to be pointed elsewhere.

Joep
FC Urban",,,,
94,Bepi,,Financial institution,EC2A 4PS,"1 PHIPP STREET, LONDON",26/10/2020,FULL,62090 - Other information technology service activities | 64999 - Financial intermediation not elsewhere classified,Shoreditch Rooftop,20,exact postcode,,,,,,"Hi {First} - I'm Joep from FC Urban. We run social football at Shoreditch Rooftop, a 20-min walk from Bepi. Looking for someone inside the team up for starting an after-work game - we handle pitch, payments and organising. Open to a quick chat?",244,"Thanks for connecting, {First}.

Quick one - we run social football games at Shoreditch Rooftop, about 20 minutes' walk from your office. A few City firms use them as an easy after-work thing for colleagues: we sort the pitch, the payments and the organising, and can top the group up with our own players if numbers are short.

Is there someone at Bepi who looks after wellbeing or staff socials I should be speaking to? Happy to be pointed elsewhere.

Joep
FC Urban",,,,
95,Axi Financial Services (Uk),,Financial institution,EC2A 2BN,"1 FINSBURY MARKET, LONDON",12/01/2007,GROUP,66120 - Security and commodity contracts dealing activities,Old St - Moreland Primary School,21,exact postcode,,,,,,"Hi {First} - I'm Joep from FC Urban. We run social football at Old St - Moreland Primary School, a 21-min walk from Axi Financial Services (Uk). Looking for someone inside the team up for starting an after-work game - we handle pitch, payments and organising. Open to a quick chat?",281,"Thanks for connecting, {First}.

Quick one - we run social football games at Old St - Moreland Primary School, about 21 minutes' walk from your office. A few City firms use them as an easy after-work thing for colleagues: we sort the pitch, the payments and the organising, and can top the group up with our own players if numbers are short.

Is there someone at Axi Financial Services (Uk) who looks after wellbeing or staff socials I should be speaking to? Happy to be pointed elsewhere.

Joep
FC Urban",,,,
96,Ordet,,Financial institution,EC2M 2TE,"23 WILSON STREET (3RD FLOOR) WILSON'S CORNER, LONDON",16/11/2017,GROUP,64209 - Activities of other holding companies n.e.c.,Old St - Moreland Primary School,21,exact postcode,,,,,,"Hi {First} - I'm Joep from FC Urban. We run social football at Old St - Moreland Primary School, a 21-min walk from Ordet. Looking for someone inside the team up for starting an after-work game - we handle pitch, payments and organising. Open to a quick chat?",259,"Thanks for connecting, {First}.

Quick one - we run social football games at Old St - Moreland Primary School, about 21 minutes' walk from your office. A few City firms use them as an easy after-work thing for colleagues: we sort the pitch, the payments and the organising, and can top the group up with our own players if numbers are short.

Is there someone at Ordet who looks after wellbeing or staff socials I should be speaking to? Happy to be pointed elsewhere.

Joep
FC Urban",,,,
97,Bridge Insurance Brokers,,Financial institution,EC4N 8AW,"GALLAGHER THE WALBROOK BUILDING, LONDON",07/12/1970,FULL,65120 - Non-life insurance | 65202 - Non-life reinsurance | 66220 - Activities of insurance agents and brokers,Borough Academy,21,exact postcode,,,,,,"Hi {First} - I'm Joep from FC Urban. We run social football at Borough Academy, a 21-min walk from Bridge Insurance Brokers. Looking for someone inside the team up for starting an after-work game - we handle pitch, payments and organising. Open to a quick chat?",261,"Thanks for connecting, {First}.

Quick one - we run social football games at Borough Academy, about 21 minutes' walk from your office. A few City firms use them as an easy after-work thing for colleagues: we sort the pitch, the payments and the organising, and can top the group up with our own players if numbers are short.

Is there someone at Bridge Insurance Brokers who looks after wellbeing or staff socials I should be speaking to? Happy to be pointed elsewhere.

Joep
FC Urban",,,,
98,H.W. Wood,,Financial institution,EC3N 3DQ,"1 LLOYD'S AVENUE, LONDON",02/06/1981,FULL,65120 - Non-life insurance | 65202 - Non-life reinsurance,Whitechapel,21,exact postcode,,,,,,"Hi {First} - I'm Joep from FC Urban. We run social football at Whitechapel, a 21-min walk from H.W. Wood. Looking for someone inside the team up for starting an after-work game - we handle pitch, payments and organising. Open to a quick chat?",242,"Thanks for connecting, {First}.

Quick one - we run social football games at Whitechapel, about 21 minutes' walk from your office. A few City firms use them as an easy after-work thing for colleagues: we sort the pitch, the payments and the organising, and can top the group up with our own players if numbers are short.

Is there someone at H.W. Wood who looks after wellbeing or staff socials I should be speaking to? Happy to be pointed elsewhere.

Joep
FC Urban",,,,
99,Afro Asian Insurance Services,,Financial institution,EC3N 3DQ,"DIXON HOUSE, LONDON",20/11/1987,FULL,65201 - Life reinsurance | 65202 - Non-life reinsurance,Whitechapel,21,exact postcode,,,,,,"Hi {First} - I'm Joep from FC Urban. We run social football at Whitechapel, a 21-min walk from Afro Asian Insurance Services. Looking for someone inside the team up for starting an after-work game - we handle pitch, payments and organising. Open to a quick chat?",262,"Thanks for connecting, {First}.

Quick one - we run social football games at Whitechapel, about 21 minutes' walk from your office. A few City firms use them as an easy after-work thing for colleagues: we sort the pitch, the payments and the organising, and can top the group up with our own players if numbers are short.

Is there someone at Afro Asian Insurance Services who looks after wellbeing or staff socials I should be speaking to? Happy to be pointed elsewhere.

Joep
FC Urban",,,,
100,Devitt Insurance Services,,Financial institution,EC4N 8AW,"THE WALBROOK BUILDING, 25, LONDON",02/11/1989,FULL,66220 - Activities of insurance agents and brokers,Borough Academy,21,exact postcode,,,,,,"Hi {First} - I'm Joep from FC Urban. We run social football at Borough Academy, a 21-min walk from Devitt Insurance Services. Looking for someone inside the team up for starting an after-work game - we handle pitch, payments and organising. Open to a quick chat?",262,"Thanks for connecting, {First}.

Quick one - we run social football games at Borough Academy, about 21 minutes' walk from your office. A few City firms use them as an easy after-work thing for colleagues: we sort the pitch, the payments and the organising, and can top the group up with our own players if numbers are short.

Is there someone at Devitt Insurance Services who looks after wellbeing or staff socials I should be speaking to? Happy to be pointed elsewhere.

Joep
FC Urban",,,,
