venue,booking_contact_name,phone,email,cancellation_terms,booking_deadline,notes
Haggerston Park,Hackney Parks bookings (GLL),020 8986 7955,hackney.marshes@gll.org,,,Phone line Mon-Fri 09:00-15:30. Pitch bookable 18:00-22:00 in term time per Hackney Council
Whitechapel,Mulberry Sports & Leisure Centre reception (Parkwood Leisure),020 7790 3854,,,,Powerleague partner venue for leagues only: Natasha Gouveia (club manager) 0800 567 0757 partnervenues@powerleague.com
Shoreditch Rooftop,Better - Britannia Leisure Centre,,,,,Online at bookings.better.org.uk with a Better account. Slots released 6 days ahead. Ask Better about a block booking for later dates
Rosemary Gardens 3G - Islington,Better - Islington Tennis Centre (Islington parks pitches),,,,,Online at bookings.better.org.uk with a Better account. Slots released 6 days ahead
Stepney 3G,BookMyPitch (Globe Football Pitch),,,,,"Venue is Globe Football Pitch 110 Globe Rd E1 4DZ. This is not the Tower Hamlets Stepney Green Park astroturf, which needs a council account. BookMyPitch venue contact for listings: masud@bookmypitch.uk"
Old St - Moreland Primary School,PlayFootball,,,,,Regular weekly bookings by enquiry via https://www.playfootball.net/contact-us (reply within 48h). One-off bookings online up to 30 days ahead
Hackney,The City Academy Hackney lettings (via enni.space),,,,,Booking request on enni.space. Not instant book
COLA Shoreditch Park,City of London Academy Shoreditch Park lettings (via enni.space),,,,,
Market Road,Better - Islington Tennis Centre / PlayFootball Islington Market Road,,,,,Better 5-a-side slots online 6 days ahead. PlayFootball 7-a-side pitch is online. Regular bookings by enquiry via https://www.playfootball.net/contact-us
