venue,status,open_after_work_slots,earliest_slot,floodlit,booking_source,booking_link,booking_contact,phone,email,contact_notes
Haggerston Park,Contact required,0,,yes,Hackney Council (GLL),https://www.hackney.gov.uk/courts-and-pitches,Hackney Parks bookings (GLL),020 8986 7955,hackney.marshes@gll.org,Phone line Mon-Fri 09:00-15:30. Pitch bookable 18:00-22:00 in term time per Hackney Council
Whitechapel,Contact required,0,,yes,Mulberry Sports & Leisure Centre (Parkwood Leisure),https://pitchbooking.com/partners/MULBERRYSPORTSLEISURECENTRE,Mulberry Sports & Leisure Centre reception (Parkwood Leisure),020 7790 3854,,Powerleague partner venue for leagues only: Natasha Gouveia (club manager) 0800 567 0757 partnervenues@powerleague.com
Shoreditch Rooftop,Available,1,Mon 28 Sep 18:00 (£72) · 5-a-side · ~£7.22 per player at cost,yes,Better (GLL),https://bookings.better.org.uk/location/britannia-leisure-centre/3g-cage/2026-09-28/by-time,Better - Britannia Leisure Centre,,,Online at bookings.better.org.uk with a Better account. Slots released 6 days ahead. Ask Better about a block booking for later dates
Rosemary Gardens 3G - Islington,No availability,0,,yes,Better (GLL) - Islington,https://bookings.better.org.uk/location/islington-tennis-centre/rosemary-gardens-activities,Better - Islington Tennis Centre (Islington parks pitches),,,Online at bookings.better.org.uk with a Better account. Slots released 6 days ahead
Stepney 3G,Available,32,Mon 28 Sep 17:30 (£3/pp) · 5-a-side · ~£3.00 per player at cost,unknown,BookMyPitch,https://bookmypitch.uk/slots/c5d1422b-8c1e-4497-b8a4-13cd96677bdc,BookMyPitch (Globe Football Pitch),,,"Venue is Globe Football Pitch 110 Globe Rd E1 4DZ. This is not the Tower Hamlets Stepney Green Park astroturf, which needs a council account. BookMyPitch venue contact for listings: masud@bookmypitch.uk"
Old St - Moreland Primary School,Available,12,Fri 2 Oct 20:00 (£90) · 6-a-side · ~£7.50 per player at cost,yes,PlayFootball,https://www.playfootball.net/venues/old-street-moreland-school/book-a-pitch/87/6-a-side3gpitchhire,PlayFootball,,,Regular weekly bookings by enquiry via https://www.playfootball.net/contact-us (reply within 48h). One-off bookings online up to 30 days ahead
Hackney,Available,4,Fri 2 Oct 20:00 (£98) · 7-a-side · ~£6.97 per player at cost,yes,enni.space (The City Academy Hackney),https://enni.space/search/2872-city-academy-hackney-3g-pitch,The City Academy Hackney lettings (via enni.space),,,Booking request on enni.space. Not instant book
COLA Shoreditch Park,Available,36,Tue 29 Sep 17:30 (£91) · 5-a-side · ~£9.10 per player at cost,unknown,enni.space (City of London Academy Shoreditch Park),https://enni.space/search/21782-cola-shoreditch-park-3g-5-a-side-pitch,City of London Academy Shoreditch Park lettings (via enni.space),,,
Market Road,Available,1,Mon 28 Sep 18:00 (£110) · 5-a-side · ~£11.03 per player at cost,yes,Better (GLL) - Islington Tennis Centre,https://bookings.better.org.uk/location/islington-tennis-centre/market-road,Better - Islington Tennis Centre / PlayFootball Islington Market Road,,,Better 5-a-side slots online 6 days ahead. PlayFootball 7-a-side pitch is online. Regular bookings by enquiry via https://www.playfootball.net/contact-us
